<?xml version="1.0"?>
<!--
/**
 * Mageplaza
 *
 * NOTICE OF LICENSE
 *
 * This source file is subject to the Mageplaza.com license that is
 * available through the world-wide-web at this URL:
 * https://www.mageplaza.com/LICENSE.txt
 *
 * DISCLAIMER
 *
 * Do not edit or add to this file if you wish to upgrade this extension to newer
 * version in the future.
 *
 * @category    Mageplaza
 * @package     Mageplaza_Stripe
 * @copyright   Copyright (c) Mageplaza (https://www.mageplaza.com/)
 * @license     https://www.mageplaza.com/LICENSE.txt
 */
-->
<config xmlns:xsi="http://www.w3.org/2001/XMLSchema-instance" xsi:noNamespaceSchemaLocation="urn:magento:framework:ObjectManager/etc/config.xsd">
    <type name="Mageplaza\Stripe\Model\ConfigProvider">
        <arguments>
            <argument name="paymentProviders" xsi:type="array">
                <item name="creditcard" xsi:type="object">Mageplaza\Stripe\Model\Payment\CreditCards</item>
                <item name="alipay" xsi:type="object">Mageplaza\Stripe\Model\Payment\Alipay</item>
                <item name="giropay" xsi:type="object">Mageplaza\Stripe\Model\Payment\Giropay</item>
                <item name="bancontact" xsi:type="object">Mageplaza\Stripe\Model\Payment\Bancontact</item>
                <item name="przelewy24" xsi:type="object">Mageplaza\Stripe\Model\Payment\Przelewy24</item>
                <item name="sofort" xsi:type="object">Mageplaza\Stripe\Model\Payment\SOFORT</item>
                <item name="eps" xsi:type="object">Mageplaza\Stripe\Model\Payment\EPS</item>
                <item name="ideal" xsi:type="object">Mageplaza\Stripe\Model\Payment\IDEAL</item>
                <item name="google" xsi:type="object">Mageplaza\Stripe\Model\Payment\GooglePay</item>
                <item name="apple" xsi:type="object">Mageplaza\Stripe\Model\Payment\ApplePay</item>
                <item name="microsoft" xsi:type="object">Mageplaza\Stripe\Model\Payment\MicrosoftPay</item>
            </argument>
        </arguments>
    </type>

    <!-- Payment Method Facade configuration -->
    <type name="Mageplaza\Stripe\Model\Payment\CreditCards">
        <arguments>
            <argument name="code" xsi:type="const">\Mageplaza\Stripe\Model\Payment\CreditCards::CODE</argument>
            <argument name="formBlockType" xsi:type="string">Magento\Payment\Block\Form</argument>
            <argument name="infoBlockType" xsi:type="string">Mageplaza\Stripe\Block\Info</argument>
            <argument name="valueHandlerPool" xsi:type="object">MpStripeValueHandlerPool</argument>
            <argument name="validatorPool" xsi:type="object">CreditCardsValidatorPool</argument>
            <argument name="commandPool" xsi:type="object">MpStripeCommandPool</argument>
        </arguments>
    </type>

    <!-- Configuration reader -->
    <virtualType name="MpStripeConfig" type="Mageplaza\Stripe\Gateway\Config\Config">
        <arguments>
            <argument name="methodCode" xsi:type="const">\Mageplaza\Stripe\Model\Payment\CreditCards::CODE</argument>
        </arguments>
    </virtualType>

    <virtualType name="MpStripeCreditCardsCountryValidator" type="Magento\Payment\Gateway\Validator\CountryValidator">
        <arguments>
            <argument name="config" xsi:type="object">MpStripeConfig</argument>
        </arguments>
    </virtualType>
    <virtualType name="CreditCardsValidatorPool" type="Magento\Payment\Gateway\Validator\ValidatorPool">
        <arguments>
            <argument name="validators" xsi:type="array">
                <item name="country" xsi:type="string">MpStripeCreditCardsCountryValidator</item>
            </argument>
        </arguments>
    </virtualType>

    <!-- Logger, initialized with MpStripeConfig -->
    <virtualType name="MpStripeLogger" type="Magento\Payment\Model\Method\Logger">
        <arguments>
            <argument name="config" xsi:type="object">MpStripeConfig</argument>
        </arguments>
    </virtualType>

    <type name="Mageplaza\Stripe\Gateway\Http\Client\ClientMock">
        <arguments>
            <argument name="logger" xsi:type="object">MpStripeLogger</argument>
        </arguments>
    </type>

    <!-- Commands infrastructure -->
    <virtualType name="MpStripeCommandPool" type="Magento\Payment\Gateway\Command\CommandPool">
        <arguments>
            <argument name="commands" xsi:type="array">
                <item name="authorize" xsi:type="string">MpStripeAuthorizeCommand</item>
                <item name="capture" xsi:type="string">MpStripeCaptureCommand</item>
                <item name="refund" xsi:type="string">MpStripeRefundCommand</item>
                <item name="vault_authorize" xsi:type="string">MpStripeAuthorizeCommand</item>
                <item name="vault_sale" xsi:type="string">MpStripeCaptureCommand</item>
            </argument>
        </arguments>
    </virtualType>

    <!-- Authorize command -->
    <virtualType name="MpStripeAuthorizeCommand" type="Magento\Payment\Gateway\Command\GatewayCommand">
        <arguments>
            <argument name="requestBuilder" xsi:type="object">MpStripeAuthorizationRequest</argument>
            <argument name="handler" xsi:type="object">MpStripeResponseHandlerComposite</argument>
            <argument name="transferFactory" xsi:type="object">Mageplaza\Stripe\Gateway\Http\TransferFactory</argument>
            <argument name="client" xsi:type="object">Mageplaza\Stripe\Gateway\Http\Client\ClientMock</argument>
        </arguments>
    </virtualType>

    <!-- Capture command -->
    <virtualType name="MpStripeCaptureCommand" type="Magento\Payment\Gateway\Command\GatewayCommand">
        <arguments>
            <argument name="requestBuilder" xsi:type="object">Mageplaza\Stripe\Gateway\Request\CaptureRequest</argument>
            <argument name="handler" xsi:type="object">MpStripeResponseHandlerComposite</argument>
            <argument name="transferFactory" xsi:type="object">Mageplaza\Stripe\Gateway\Http\TransferFactory</argument>
            <argument name="validator" xsi:type="object">Mageplaza\Stripe\Gateway\Validator\ResponseCodeValidator</argument>
            <argument name="client" xsi:type="object">Mageplaza\Stripe\Gateway\Http\Client\ClientMock</argument>
        </arguments>
    </virtualType>

    <!-- Refund command -->
    <virtualType name="MpStripeRefundCommand" type="Magento\Payment\Gateway\Command\GatewayCommand">
        <arguments>
            <argument name="requestBuilder" xsi:type="object">Mageplaza\Stripe\Gateway\Request\RefundRequest</argument>
            <argument name="handler" xsi:type="object">Mageplaza\Stripe\Gateway\Response\TxnIdHandler</argument>
            <argument name="transferFactory" xsi:type="object">Mageplaza\Stripe\Gateway\Http\TransferFactory</argument>
            <argument name="validator" xsi:type="object">Mageplaza\Stripe\Gateway\Validator\ResponseCodeValidator</argument>
            <argument name="client" xsi:type="object">Mageplaza\Stripe\Gateway\Http\Client\ClientMock</argument>
        </arguments>
    </virtualType>

    <!-- Authorization Request -->
    <virtualType name="MpStripeAuthorizationRequest" type="Magento\Payment\Gateway\Request\BuilderComposite">
        <arguments>
            <argument name="builders" xsi:type="array">
                <item name="transaction" xsi:type="string">Mageplaza\Stripe\Gateway\Request\AuthorizationRequest</item>
                <!--<item name="vault" xsi:type="string">Mageplaza\Stripe\Gateway\Request\VaultDataBuilder</item>-->
            </argument>
        </arguments>
    </virtualType>

    <!-- Response handlers -->
    <virtualType name="MpStripeResponseHandlerComposite" type="Magento\Payment\Gateway\Response\HandlerChain">
        <arguments>
            <argument name="handlers" xsi:type="array">
                <item name="txnid" xsi:type="string">Mageplaza\Stripe\Gateway\Response\TxnIdHandler</item>
                <item name="vault_details" xsi:type="string">Mageplaza\Stripe\Gateway\Response\VaultDetailsHandler</item>
            </argument>
        </arguments>
    </virtualType>

    <!-- Value handlers infrastructure -->
    <virtualType name="MpStripeValueHandlerPool" type="Magento\Payment\Gateway\Config\ValueHandlerPool">
        <arguments>
            <argument name="handlers" xsi:type="array">
                <item name="default" xsi:type="string">MpStripeConfigValueHandler</item>
            </argument>
        </arguments>
    </virtualType>
    <virtualType name="MpStripeConfigValueHandler" type="Magento\Payment\Gateway\Config\ConfigValueHandler">
        <arguments>
            <argument name="configInterface" xsi:type="object">MpStripeConfig</argument>
        </arguments>
    </virtualType>

    <type name="Mageplaza\Stripe\Block\Info">
        <arguments>
            <argument name="config" xsi:type="object">MpStripeConfig</argument>
        </arguments>
    </type>

    <!-- ============================================= VAULT =================================================== -->
    <virtualType name="MpCreditCardVaultFacade" type="Magento\Vault\Model\Method\Vault">
        <arguments>
            <argument name="config" xsi:type="object">MpCreditCardsVaultConfig</argument>
            <argument name="valueHandlerPool" xsi:type="object">MpStripeCreditCardVaultValueHandlerPool</argument>
            <argument name="vaultProvider" xsi:type="object">Mageplaza\Stripe\Model\Payment\CreditCards</argument>
            <argument name="code" xsi:type="const">Mageplaza\Stripe\Model\Payment\CreditCards::VCODE</argument>
        </arguments>
    </virtualType>
    <virtualType name="MpCreditCardsVaultConfig" type="Mageplaza\Stripe\Gateway\Config\Vault">
        <arguments>
            <argument name="methodCode" xsi:type="const">\Mageplaza\Stripe\Model\Payment\CreditCards::VCODE</argument>
        </arguments>
    </virtualType>
    <virtualType name="MpStripeCreditCardVaultValueHandlerPool" type="Magento\Payment\Gateway\Config\ValueHandlerPool">
        <arguments>
            <argument name="handlers" xsi:type="array">
                <item name="default" xsi:type="string">MpStripeCreditCardVaultConfigValueHandler</item>
            </argument>
        </arguments>
    </virtualType>
    <virtualType name="MpStripeCreditCardVaultConfigValueHandler" type="Magento\Payment\Gateway\Config\ConfigValueHandler">
        <arguments>
            <argument name="configInterface" xsi:type="object">MpCreditCardsVaultConfig</argument>
        </arguments>
    </virtualType>


    <!-- Command managers section for Vault -->
    <virtualType name="MpStripeCommandManager" type="Magento\Payment\Gateway\Command\CommandManager">
        <arguments>
            <argument name="commandPool" xsi:type="object">MpStripeCommandPool</argument>
        </arguments>
    </virtualType>
    <type name="Magento\Payment\Gateway\Command\CommandManagerPool">
        <arguments>
            <argument name="executors" xsi:type="array">
                <item name="mp_stripe_credit_cards" xsi:type="string">MpStripeCommandManager</item>
            </argument>
        </arguments>
    </type>
    <!-- END command managers section for Vault -->

    <!-- ============================================= ALIPAY =================================================== -->
    <type name="Mageplaza\Stripe\Model\Payment\Alipay">
        <arguments>
            <argument name="code" xsi:type="const">\Mageplaza\Stripe\Model\Payment\Alipay::CODE</argument>
            <argument name="formBlockType" xsi:type="string">Magento\Payment\Block\Form</argument>
            <argument name="infoBlockType" xsi:type="string">Magento\Payment\Block\Info</argument>
            <argument name="valueHandlerPool" xsi:type="object">MpStripeAlipayValueHandlerPool</argument>
            <argument name="validatorPool" xsi:type="object">MpStripeAlipayValidatorPool</argument>
            <argument name="commandPool" xsi:type="object">MpStripeCommandPool</argument>
        </arguments>
    </type>

    <!-- Value handlers infrastructure -->
    <virtualType name="MpStripeAlipayCountryValidator" type="Magento\Payment\Gateway\Validator\CountryValidator">
        <arguments>
            <argument name="config" xsi:type="object">AlipayConfig</argument>
        </arguments>
    </virtualType>
    <virtualType name="MpStripeAlipayValidatorPool" type="Magento\Payment\Gateway\Validator\ValidatorPool">
        <arguments>
            <argument name="validators" xsi:type="array">
                <item name="country" xsi:type="string">MpStripeAlipayCountryValidator</item>
            </argument>
        </arguments>
    </virtualType>
    <virtualType name="MpStripeAlipayValueHandlerPool" type="Magento\Payment\Gateway\Config\ValueHandlerPool">
        <arguments>
            <argument name="handlers" xsi:type="array">
                <item name="default" xsi:type="string">MpStripeAlipayConfigValueHandler</item>
            </argument>
        </arguments>
    </virtualType>
    <virtualType name="MpStripeAlipayConfigValueHandler" type="Magento\Payment\Gateway\Config\ConfigValueHandler">
        <arguments>
            <argument name="configInterface" xsi:type="object">MpStripeAlipayConfig</argument>
        </arguments>
    </virtualType>
    <virtualType name="MpStripeAlipayConfig" type="Mageplaza\Stripe\Gateway\Config\Alipay">
        <arguments>
            <argument name="methodCode" xsi:type="const">\Mageplaza\Stripe\Model\Payment\Alipay::CODE</argument>
        </arguments>
    </virtualType>


    <!-- ============================================= GIROPAY =================================================== -->
    <type name="Mageplaza\Stripe\Model\Payment\Giropay">
        <arguments>
            <argument name="code" xsi:type="const">\Mageplaza\Stripe\Model\Payment\Giropay::CODE</argument>
            <argument name="formBlockType" xsi:type="string">Magento\Payment\Block\Form</argument>
            <argument name="infoBlockType" xsi:type="string">Magento\Payment\Block\Info</argument>
            <argument name="valueHandlerPool" xsi:type="object">MpStripeGiropayValueHandlerPool</argument>
            <argument name="validatorPool" xsi:type="object">MpStripeGiropayValidatorPool</argument>
            <argument name="commandPool" xsi:type="object">MpStripeCommandPool</argument>
        </arguments>
    </type>

    <!-- Value handlers infrastructure -->
    <virtualType name="MpStripeGiropayCountryValidator" type="Magento\Payment\Gateway\Validator\CountryValidator">
        <arguments>
            <argument name="config" xsi:type="object">MpStripeGiropayConfig</argument>
        </arguments>
    </virtualType>
    <virtualType name="MpStripeGiropayValidatorPool" type="Magento\Payment\Gateway\Validator\ValidatorPool">
        <arguments>
            <argument name="validators" xsi:type="array">
                <item name="country" xsi:type="string">MpStripeGiropayCountryValidator</item>
            </argument>
        </arguments>
    </virtualType>
    <virtualType name="MpStripeGiropayValueHandlerPool" type="Magento\Payment\Gateway\Config\ValueHandlerPool">
        <arguments>
            <argument name="handlers" xsi:type="array">
                <item name="default" xsi:type="string">MpStripeGiropayConfigValueHandler</item>
            </argument>
        </arguments>
    </virtualType>
    <virtualType name="MpStripeGiropayConfigValueHandler" type="Magento\Payment\Gateway\Config\ConfigValueHandler">
        <arguments>
            <argument name="configInterface" xsi:type="object">MpStripeGiropayConfig</argument>
        </arguments>
    </virtualType>
    <virtualType name="MpStripeGiropayConfig" type="Mageplaza\Stripe\Gateway\Config\Giropay">
        <arguments>
            <argument name="methodCode" xsi:type="const">\Mageplaza\Stripe\Model\Payment\Giropay::CODE</argument>
        </arguments>
    </virtualType>
    <!-- ============================================= BANCONTACT =================================================== -->
    <type name="Mageplaza\Stripe\Model\Payment\Bancontact">
        <arguments>
            <argument name="code" xsi:type="const">\Mageplaza\Stripe\Model\Payment\Bancontact::CODE</argument>
            <argument name="formBlockType" xsi:type="string">Magento\Payment\Block\Form</argument>
            <argument name="infoBlockType" xsi:type="string">Magento\Payment\Block\Info</argument>
            <argument name="valueHandlerPool" xsi:type="object">MpStripeBancontactValueHandlerPool</argument>
            <argument name="validatorPool" xsi:type="object">MpStripeBancontactValidatorPool</argument>
            <argument name="commandPool" xsi:type="object">MpStripeCommandPool</argument>
        </arguments>
    </type>

    <!-- Value handlers infrastructure -->
    <virtualType name="MpStripeBancontactCountryValidator" type="Magento\Payment\Gateway\Validator\CountryValidator">
        <arguments>
            <argument name="config" xsi:type="object">MpStripeBancontactConfig</argument>
        </arguments>
    </virtualType>
    <virtualType name="MpStripeBancontactValidatorPool" type="Magento\Payment\Gateway\Validator\ValidatorPool">
        <arguments>
            <argument name="validators" xsi:type="array">
                <item name="country" xsi:type="string">MpStripeBancontactCountryValidator</item>
            </argument>
        </arguments>
    </virtualType>
    <virtualType name="MpStripeBancontactValueHandlerPool" type="Magento\Payment\Gateway\Config\ValueHandlerPool">
        <arguments>
            <argument name="handlers" xsi:type="array">
                <item name="default" xsi:type="string">MpStripeBancontactConfigValueHandler</item>
            </argument>
        </arguments>
    </virtualType>
    <virtualType name="MpStripeBancontactConfigValueHandler" type="Magento\Payment\Gateway\Config\ConfigValueHandler">
        <arguments>
            <argument name="configInterface" xsi:type="object">MpStripeBancontactConfig</argument>
        </arguments>
    </virtualType>
    <virtualType name="MpStripeBancontactConfig" type="Mageplaza\Stripe\Gateway\Config\Bancontact">
        <arguments>
            <argument name="methodCode" xsi:type="const">\Mageplaza\Stripe\Model\Payment\Bancontact::CODE</argument>
        </arguments>
    </virtualType>
    <!-- ============================================= Przelewy24 =================================================== -->
    <type name="Mageplaza\Stripe\Model\Payment\Przelewy24">
        <arguments>
            <argument name="code" xsi:type="const">\Mageplaza\Stripe\Model\Payment\Przelewy24::CODE</argument>
            <argument name="formBlockType" xsi:type="string">Magento\Payment\Block\Form</argument>
            <argument name="infoBlockType" xsi:type="string">Magento\Payment\Block\Info</argument>
            <argument name="valueHandlerPool" xsi:type="object">MpStripePrzelewy24ValueHandlerPool</argument>
            <argument name="validatorPool" xsi:type="object">MpStripePrzelewy24ValidatorPool</argument>
            <argument name="commandPool" xsi:type="object">MpStripeCommandPool</argument>
        </arguments>
    </type>

    <!-- Value handlers infrastructure -->
    <virtualType name="MpStripePrzelewy24CountryValidator" type="Magento\Payment\Gateway\Validator\CountryValidator">
        <arguments>
            <argument name="config" xsi:type="object">MpStripePrzelewy24Config</argument>
        </arguments>
    </virtualType>
    <virtualType name="MpStripePrzelewy24ValidatorPool" type="Magento\Payment\Gateway\Validator\ValidatorPool">
        <arguments>
            <argument name="validators" xsi:type="array">
                <item name="country" xsi:type="string">MpStripePrzelewy24CountryValidator</item>
            </argument>
        </arguments>
    </virtualType>
    <virtualType name="MpStripePrzelewy24ValueHandlerPool" type="Magento\Payment\Gateway\Config\ValueHandlerPool">
        <arguments>
            <argument name="handlers" xsi:type="array">
                <item name="default" xsi:type="string">MpStripePrzelewy24ConfigValueHandler</item>
            </argument>
        </arguments>
    </virtualType>
    <virtualType name="MpStripePrzelewy24ConfigValueHandler" type="Magento\Payment\Gateway\Config\ConfigValueHandler">
        <arguments>
            <argument name="configInterface" xsi:type="object">MpStripePrzelewy24Config</argument>
        </arguments>
    </virtualType>
    <virtualType name="MpStripePrzelewy24Config" type="Mageplaza\Stripe\Gateway\Config\Przelewy24">
        <arguments>
            <argument name="methodCode" xsi:type="const">\Mageplaza\Stripe\Model\Payment\Przelewy24::CODE</argument>
        </arguments>
    </virtualType>
    <!-- ============================================= SOFORT =================================================== -->
    <type name="Mageplaza\Stripe\Model\Payment\SOFORT">
        <arguments>
            <argument name="code" xsi:type="const">\Mageplaza\Stripe\Model\Payment\SOFORT::CODE</argument>
            <argument name="formBlockType" xsi:type="string">Magento\Payment\Block\Form</argument>
            <argument name="infoBlockType" xsi:type="string">Magento\Payment\Block\Info</argument>
            <argument name="valueHandlerPool" xsi:type="object">MpStripeSOFORTValueHandlerPool</argument>
            <argument name="validatorPool" xsi:type="object">MpStripeSOFORTValidatorPool</argument>
            <argument name="commandPool" xsi:type="object">MpStripeCommandPool</argument>
        </arguments>
    </type>

    <!-- Value handlers infrastructure -->
    <virtualType name="MpStripeSOFORTCountryValidator" type="Magento\Payment\Gateway\Validator\CountryValidator">
        <arguments>
            <argument name="config" xsi:type="object">MpStripeSOFORTConfig</argument>
        </arguments>
    </virtualType>
    <virtualType name="MpStripeSOFORTValidatorPool" type="Magento\Payment\Gateway\Validator\ValidatorPool">
        <arguments>
            <argument name="validators" xsi:type="array">
                <item name="country" xsi:type="string">MpStripeSOFORTCountryValidator</item>
            </argument>
        </arguments>
    </virtualType>
    <virtualType name="MpStripeSOFORTValueHandlerPool" type="Magento\Payment\Gateway\Config\ValueHandlerPool">
        <arguments>
            <argument name="handlers" xsi:type="array">
                <item name="default" xsi:type="string">MpStripeSOFORTConfigValueHandler</item>
            </argument>
        </arguments>
    </virtualType>
    <virtualType name="MpStripeSOFORTConfigValueHandler" type="Magento\Payment\Gateway\Config\ConfigValueHandler">
        <arguments>
            <argument name="configInterface" xsi:type="object">MpStripeSOFORTConfig</argument>
        </arguments>
    </virtualType>
    <virtualType name="MpStripeSOFORTConfig" type="Mageplaza\Stripe\Gateway\Config\SOFORT">
        <arguments>
            <argument name="methodCode" xsi:type="const">\Mageplaza\Stripe\Model\Payment\SOFORT::CODE</argument>
        </arguments>
    </virtualType>
    <!-- ============================================= EPS =================================================== -->
    <type name="Mageplaza\Stripe\Model\Payment\EPS">
        <arguments>
            <argument name="code" xsi:type="const">\Mageplaza\Stripe\Model\Payment\EPS::CODE</argument>
            <argument name="formBlockType" xsi:type="string">Magento\Payment\Block\Form</argument>
            <argument name="infoBlockType" xsi:type="string">Magento\Payment\Block\Info</argument>
            <argument name="valueHandlerPool" xsi:type="object">MpStripeEPSValueHandlerPool</argument>
            <argument name="validatorPool" xsi:type="object">MpStripeEPSValidatorPool</argument>
            <argument name="commandPool" xsi:type="object">MpStripeCommandPool</argument>
        </arguments>
    </type>

    <!-- Value handlers infrastructure -->
    <virtualType name="MpStripeEPSCountryValidator" type="Magento\Payment\Gateway\Validator\CountryValidator">
        <arguments>
            <argument name="config" xsi:type="object">MpStripeEPSConfig</argument>
        </arguments>
    </virtualType>
    <virtualType name="MpStripeEPSValidatorPool" type="Magento\Payment\Gateway\Validator\ValidatorPool">
        <arguments>
            <argument name="validators" xsi:type="array">
                <item name="country" xsi:type="string">MpStripeEPSCountryValidator</item>
            </argument>
        </arguments>
    </virtualType>
    <virtualType name="MpStripeEPSValueHandlerPool" type="Magento\Payment\Gateway\Config\ValueHandlerPool">
        <arguments>
            <argument name="handlers" xsi:type="array">
                <item name="default" xsi:type="string">MpStripeEPSConfigValueHandler</item>
            </argument>
        </arguments>
    </virtualType>
    <virtualType name="MpStripeEPSConfigValueHandler" type="Magento\Payment\Gateway\Config\ConfigValueHandler">
        <arguments>
            <argument name="configInterface" xsi:type="object">MpStripeEPSConfig</argument>
        </arguments>
    </virtualType>
    <virtualType name="MpStripeEPSConfig" type="Mageplaza\Stripe\Gateway\Config\EPS">
        <arguments>
            <argument name="methodCode" xsi:type="const">\Mageplaza\Stripe\Model\Payment\EPS::CODE</argument>
        </arguments>
    </virtualType>
    <!-- ============================================= IDEAL =================================================== -->
    <type name="Mageplaza\Stripe\Model\Payment\IDEAL">
        <arguments>
            <argument name="code" xsi:type="const">\Mageplaza\Stripe\Model\Payment\IDEAL::CODE</argument>
            <argument name="formBlockType" xsi:type="string">Magento\Payment\Block\Form</argument>
            <argument name="infoBlockType" xsi:type="string">Mageplaza\Stripe\Block\IDEALInfo</argument>
            <argument name="valueHandlerPool" xsi:type="object">MpStripeIDEALValueHandlerPool</argument>
            <argument name="validatorPool" xsi:type="object">MpStripeIDEALValidatorPool</argument>
            <argument name="commandPool" xsi:type="object">MpStripeCommandPool</argument>
        </arguments>
    </type>

    <!-- Value handlers infrastructure -->
    <virtualType name="MpStripeIDEALCountryValidator" type="Magento\Payment\Gateway\Validator\CountryValidator">
        <arguments>
            <argument name="config" xsi:type="object">MpStripeIDEALConfig</argument>
        </arguments>
    </virtualType>
    <virtualType name="MpStripeIDEALValidatorPool" type="Magento\Payment\Gateway\Validator\ValidatorPool">
        <arguments>
            <argument name="validators" xsi:type="array">
                <item name="country" xsi:type="string">MpStripeIDEALCountryValidator</item>
            </argument>
        </arguments>
    </virtualType>
    <virtualType name="MpStripeIDEALValueHandlerPool" type="Magento\Payment\Gateway\Config\ValueHandlerPool">
        <arguments>
            <argument name="handlers" xsi:type="array">
                <item name="default" xsi:type="string">MpStripeIDEALConfigValueHandler</item>
            </argument>
        </arguments>
    </virtualType>
    <virtualType name="MpStripeIDEALConfigValueHandler" type="Magento\Payment\Gateway\Config\ConfigValueHandler">
        <arguments>
            <argument name="configInterface" xsi:type="object">MpStripeIDEALConfig</argument>
        </arguments>
    </virtualType>
    <virtualType name="MpStripeIDEALConfig" type="Mageplaza\Stripe\Gateway\Config\IDEAL">
        <arguments>
            <argument name="methodCode" xsi:type="const">\Mageplaza\Stripe\Model\Payment\IDEAL::CODE</argument>
        </arguments>
    </virtualType>
    <type name="Mageplaza\Stripe\Block\IDEALInfo">
        <arguments>
            <argument name="config" xsi:type="object">MpStripeIDEALConfig</argument>
        </arguments>
    </type>

    <!-- ============================================= Google Pay =================================================== -->
    <type name="Mageplaza\Stripe\Model\Payment\GooglePay">
        <arguments>
            <argument name="code" xsi:type="const">\Mageplaza\Stripe\Model\Payment\GooglePay::CODE</argument>
            <argument name="formBlockType" xsi:type="string">Magento\Payment\Block\Form</argument>
            <argument name="infoBlockType" xsi:type="string">Mageplaza\Stripe\Block\Info</argument>
            <argument name="valueHandlerPool" xsi:type="object">MpStripeGooglePayValueHandlerPool</argument>
            <argument name="validatorPool" xsi:type="object">MpStripeGooglePayValidatorPool</argument>
            <argument name="commandPool" xsi:type="object">MpStripeCommandPool</argument>
        </arguments>
    </type>

    <!-- Value handlers infrastructure -->
    <virtualType name="MpStripeGooglePayCountryValidator" type="Magento\Payment\Gateway\Validator\CountryValidator">
        <arguments>
            <argument name="config" xsi:type="object">MpStripeGooglePayConfig</argument>
        </arguments>
    </virtualType>
    <virtualType name="MpStripeGooglePayValidatorPool" type="Magento\Payment\Gateway\Validator\ValidatorPool">
        <arguments>
            <argument name="validators" xsi:type="array">
                <item name="country" xsi:type="string">MpStripeGooglePayCountryValidator</item>
            </argument>
        </arguments>
    </virtualType>
    <virtualType name="MpStripeGooglePayValueHandlerPool" type="Magento\Payment\Gateway\Config\ValueHandlerPool">
        <arguments>
            <argument name="handlers" xsi:type="array">
                <item name="default" xsi:type="string">MpStripeGooglePayConfigValueHandler</item>
            </argument>
        </arguments>
    </virtualType>
    <virtualType name="MpStripeGooglePayConfigValueHandler" type="Magento\Payment\Gateway\Config\ConfigValueHandler">
        <arguments>
            <argument name="configInterface" xsi:type="object">MpStripeGooglePayConfig</argument>
        </arguments>
    </virtualType>
    <virtualType name="MpStripeGooglePayConfig" type="Mageplaza\Stripe\Gateway\Config\GooglePay">
        <arguments>
            <argument name="methodCode" xsi:type="const">\Mageplaza\Stripe\Model\Payment\GooglePay::CODE</argument>
        </arguments>
    </virtualType>

    <!-- ============================================= Apple Pay =================================================== -->
    <type name="Mageplaza\Stripe\Model\Payment\ApplePay">
        <arguments>
            <argument name="code" xsi:type="const">\Mageplaza\Stripe\Model\Payment\ApplePay::CODE</argument>
            <argument name="formBlockType" xsi:type="string">Magento\Payment\Block\Form</argument>
            <argument name="infoBlockType" xsi:type="string">Mageplaza\Stripe\Block\Info</argument>
            <argument name="valueHandlerPool" xsi:type="object">MpStripeApplePayValueHandlerPool</argument>
            <argument name="validatorPool" xsi:type="object">MpStripeApplePayValidatorPool</argument>
            <argument name="commandPool" xsi:type="object">MpStripeCommandPool</argument>
        </arguments>
    </type>

    <!-- Value handlers infrastructure -->
    <virtualType name="MpStripeApplePayCountryValidator" type="Magento\Payment\Gateway\Validator\CountryValidator">
        <arguments>
            <argument name="config" xsi:type="object">MpStripeApplePayConfig</argument>
        </arguments>
    </virtualType>
    <virtualType name="MpStripeApplePayValidatorPool" type="Magento\Payment\Gateway\Validator\ValidatorPool">
        <arguments>
            <argument name="validators" xsi:type="array">
                <item name="country" xsi:type="string">MpStripeApplePayCountryValidator</item>
            </argument>
        </arguments>
    </virtualType>
    <virtualType name="MpStripeApplePayValueHandlerPool" type="Magento\Payment\Gateway\Config\ValueHandlerPool">
        <arguments>
            <argument name="handlers" xsi:type="array">
                <item name="default" xsi:type="string">MpStripeApplePayConfigValueHandler</item>
            </argument>
        </arguments>
    </virtualType>
    <virtualType name="MpStripeApplePayConfigValueHandler" type="Magento\Payment\Gateway\Config\ConfigValueHandler">
        <arguments>
            <argument name="configInterface" xsi:type="object">MpStripeApplePayConfig</argument>
        </arguments>
    </virtualType>
    <virtualType name="MpStripeApplePayConfig" type="Mageplaza\Stripe\Gateway\Config\ApplePay">
        <arguments>
            <argument name="methodCode" xsi:type="const">\Mageplaza\Stripe\Model\Payment\ApplePay::CODE</argument>
        </arguments>
    </virtualType>

    <!-- ============================================= Microsoft Pay =============================================== -->
    <type name="Mageplaza\Stripe\Model\Payment\MicrosoftPay">
        <arguments>
            <argument name="code" xsi:type="const">\Mageplaza\Stripe\Model\Payment\MicrosoftPay::CODE</argument>
            <argument name="formBlockType" xsi:type="string">Magento\Payment\Block\Form</argument>
            <argument name="infoBlockType" xsi:type="string">Mageplaza\Stripe\Block\Info</argument>
            <argument name="valueHandlerPool" xsi:type="object">MpStripeMicrosoftPayValueHandlerPool</argument>
            <argument name="validatorPool" xsi:type="object">MpStripeMicrosoftPayValidatorPool</argument>
            <argument name="commandPool" xsi:type="object">MpStripeCommandPool</argument>
        </arguments>
    </type>

    <!-- Value handlers infrastructure -->
    <virtualType name="MpStripeMicrosoftPayCountryValidator" type="Magento\Payment\Gateway\Validator\CountryValidator">
        <arguments>
            <argument name="config" xsi:type="object">MpStripeMicrosoftPayConfig</argument>
        </arguments>
    </virtualType>
    <virtualType name="MpStripeMicrosoftPayValidatorPool" type="Magento\Payment\Gateway\Validator\ValidatorPool">
        <arguments>
            <argument name="validators" xsi:type="array">
                <item name="country" xsi:type="string">MpStripeMicrosoftPayCountryValidator</item>
            </argument>
        </arguments>
    </virtualType>
    <virtualType name="MpStripeMicrosoftPayValueHandlerPool" type="Magento\Payment\Gateway\Config\ValueHandlerPool">
        <arguments>
            <argument name="handlers" xsi:type="array">
                <item name="default" xsi:type="string">MpStripeMicrosoftPayConfigValueHandler</item>
            </argument>
        </arguments>
    </virtualType>
    <virtualType name="MpStripeMicrosoftPayConfigValueHandler" type="Magento\Payment\Gateway\Config\ConfigValueHandler">
        <arguments>
            <argument name="configInterface" xsi:type="object">MpStripeMicrosoftPayConfig</argument>
        </arguments>
    </virtualType>
    <virtualType name="MpStripeMicrosoftPayConfig" type="Mageplaza\Stripe\Gateway\Config\MicrosoftPay">
        <arguments>
            <argument name="methodCode" xsi:type="const">\Mageplaza\Stripe\Model\Payment\MicrosoftPay::CODE</argument>
        </arguments>
    </virtualType>
    <!-- ============================================= END ======================================================== -->

    <type name="Magento\Sales\Model\Order\Invoice\Item">
        <plugin name="mp_stripe_invoice_item" type="Mageplaza\Stripe\Plugin\InvoiceItem"/>
    </type>
</config>