<?xml version="1.0"?>
<!--
/**
 * Mageplaza
 *
 * NOTICE OF LICENSE
 *
 * This source file is subject to the Mageplaza.com license that is
 * available through the world-wide-web at this URL:
 * https://www.mageplaza.com/LICENSE.txt
 *
 * DISCLAIMER
 *
 * Do not edit or add to this file if you wish to upgrade this extension to newer
 * version in the future.
 *
 * @category    Mageplaza
 * @package     Mageplaza_ShippingRules
 * @copyright   Copyright (c) Mageplaza (https://www.mageplaza.com/)
 * @license     https://www.mageplaza.com/LICENSE.txt
 */
-->
<config xmlns:xsi="http://www.w3.org/2001/XMLSchema-instance" xsi:noNamespaceSchemaLocation="urn:magento:framework:ObjectManager/etc/config.xsd">
    <type name="Magento\Quote\Model\Quote\Address">
        <plugin name="backend-shippingrules-quote-address" type="Mageplaza\ShippingRules\Plugin\Adminhtml\Model\Quote\Address" sortOrder="10"/>
    </type>
    <type name="Magento\SalesRule\Model\RulesApplier">
        <plugin name="backend-shippingrules-sale-rule-applier" type="Mageplaza\ShippingRules\Plugin\Adminhtml\Model\RulesApplier" sortOrder="10"/>
    </type>
    <type name="Magento\Ui\Model\Export\MetadataProvider">
        <arguments>
            <argument name="data" xsi:type="array">
                <item name="mageplaza_shippingrules_rule_listing" xsi:type="array">
                    <item name="created_at" xsi:type="string">created_at</item>
                    <item name="updated_at" xsi:type="string">updated_at</item>
                </item>
            </argument>
        </arguments>
    </type>
</config>
