<?xml version="1.0"?>
<!--
/**
 * BSS Commerce Co.
 *
 * NOTICE OF LICENSE
 *
 * This source file is subject to the EULA
 * that is bundled with this package in the file LICENSE.txt.
 * It is also available through the world-wide-web at this URL:
 * http://bsscommerce.com/Bss-Commerce-License.txt
 *
 * @category   BSS
 * @package    Bss_OneStepCheckout
 * @author     Extension Team
 * @copyright  Copyright (c) 2017-2018 BSS Commerce Co. ( http://bsscommerce.com )
 * @license    http://bsscommerce.com/Bss-Commerce-License.txt
 */
-->
<config xmlns:xsi="http://www.w3.org/2001/XMLSchema-instance" xsi:noNamespaceSchemaLocation="urn:magento:framework:Api/etc/extension_attributes.xsd">
    <extension_attributes for="Magento\Quote\Api\Data\PaymentInterface">
        <attribute code="bss_osc" type="string[]" />
        <attribute code="base_osc_gift_wrap" type="float" />
        <attribute code="osc_gift_wrap" type="float" />
        <attribute code="osc_gift_wrap_type" type="string" />
        <attribute code="base_osc_gift_wrap_config" type="float" />
        <attribute code="osc_gift_wrap_config" type="float" />
    </extension_attributes>
    <extension_attributes for="Magento\Sales\Api\Data\OrderInterface">
        <attribute code="shipping_arrival_date" type="string" />
        <attribute code="shipping_arrival_comments" type="string" />
        <attribute code="base_osc_gift_wrap" type="float" />
        <attribute code="osc_gift_wrap" type="float" />
        <attribute code="osc_gift_wrap_type" type="string" />
        <attribute code="base_osc_gift_wrap_config" type="float" />
        <attribute code="osc_gift_wrap_config" type="float" />
    </extension_attributes>
    <extension_attributes for="Magento\Sales\Api\Data\InvoiceInterface">
        <attribute code="shipping_arrival_date" type="string" />
        <attribute code="shipping_arrival_comments" type="string" />
    </extension_attributes>
    <extension_attributes for="Magento\Sales\Api\Data\ShipmentInterface">
        <attribute code="shipping_arrival_date" type="string" />
        <attribute code="shipping_arrival_comments" type="string" />
    </extension_attributes>
    <extension_attributes for="Magento\Sales\Api\Data\CreditmemoInterface">
        <attribute code="shipping_arrival_date" type="string" />
        <attribute code="shipping_arrival_comments" type="string" />
    </extension_attributes>
</config>
