<?xml version="1.0"?>
<!--
/**
 * BSS Commerce Co.
 *
 * NOTICE OF LICENSE
 *
 * This source file is subject to the EULA
 * that is bundled with this package in the file LICENSE.txt.
 * It is also available through the world-wide-web at this URL:
 * http://bsscommerce.com/Bss-Commerce-License.txt
 *
 * @category   BSS
 * @package    Bss_OneStepCheckout
 * @author     Extension Team
 * @copyright  Copyright (c) 2017-2018 BSS Commerce Co. ( http://bsscommerce.com )
 * @license    http://bsscommerce.com/Bss-Commerce-License.txt
 */
-->
<routes xmlns:xsi="http://www.w3.org/2001/XMLSchema-instance"
    xsi:noNamespaceSchemaLocation="urn:magento:module:Magento_Webapi:etc/webapi.xsd">
    <route url="/V1/bss-osc/carts/mine/update-item" method="POST">
        <service class="Bss\OneStepCheckout\Api\UpdateItemManagementInterface" method="update"/>
        <resources>
            <resource ref="self"/>
        </resources>
        <data>
            <parameter name="cartId" force="true">%cart_id%</parameter>
        </data>
    </route>
    <route url="/V1/bss-osc/guest-carts/:cartId/update-item" method="POST">
        <service class="Bss\OneStepCheckout\Api\GuestUpdateItemManagementInterface" method="update"/>
        <resources>
            <resource ref="anonymous"/>
        </resources>
    </route>
    <route url="/V1/bss-osc/giftwrap/apply/:action" method="POST">
        <service class="Bss\OneStepCheckout\Api\GiftWrapManagementInterface" method="apply"/>
        <resources>
            <resource ref="anonymous"/>
        </resources>
    </route>
    <route url="/V1/bss-osc/giftwrap/validate/:fee/:use" method="POST">
        <service class="Bss\OneStepCheckout\Api\GiftWrapValidateManagementInterface" method="validate"/>
        <resources>
            <resource ref="anonymous"/>
        </resources>
    </route>
    <route method="GET" url="/V1/bsscommerce/osc/storeconfigs/:store_id">
        <service class="Bss\OneStepCheckout\Api\ConfigInterface" method="getAllConfig"/>
        <resources>
            <resource ref="Bss_OneStepCheckout::config_onestepcheckout"/>
        </resources>
    </route>
    <route method="PUT" url="/V1/bsscommerce/osc/deliveryinfoguest">
        <service class="Bss\OneStepCheckout\Api\OrderDeliveryDateCommentInterface" method="guestAddToPaymentExtension"/>
        <resources>
            <resource ref="anonymous"/>
        </resources>
        <data>
            <parameter name="cartId" force="true">%cart_id%</parameter>
        </data>
    </route>
    <route method="PUT" url="/V1/bsscommerce/osc/deliveryinfo">
        <service class="Bss\OneStepCheckout\Api\OrderDeliveryDateCommentInterface" method="addToPaymentExtension"/>
        <resources>
            <resource ref="self"/>
        </resources>
        <data>
            <parameter name="quoteId" force="true">%cart_id%</parameter>
        </data>
    </route>
    <route method="GET" url="/V1/bsscommerce/osc/deliveryinfo/cart/:id">
        <service class="Bss\OneStepCheckout\Api\OrderDeliveryDateCommentInterface" method="getFromQuote"/>
        <resources>
            <resource ref="anonymous"/>
        </resources>
    </route>
</routes>
