<?xml version="1.0" ?>
<!--
/**
 * Mageplaza
 *
 * NOTICE OF LICENSE
 *
 * This source file is subject to the Mageplaza.com license that is
 * available through the world-wide-web at this URL:
 * https://www.mageplaza.com/LICENSE.txt
 *
 * DISCLAIMER
 *
 * Do not edit or add to this file if you wish to upgrade this extension to newer
 * version in the future.
 *
 * @category    Mageplaza
 * @package     Mageplaza_Stripe
 * @copyright   Copyright (c) Mageplaza (https://www.mageplaza.com/)
 * @license     https://www.mageplaza.com/LICENSE.txt
 */
-->
<config xmlns:xsi="http://www.w3.org/2001/XMLSchema-instance" xsi:noNamespaceSchemaLocation="urn:magento:module:Magento_Config:etc/system_file.xsd">
    <system>
        <section id="payment">
            <group id="mp_stripe_section" translate="label" sortOrder="7" showInDefault="1" showInWebsite="1" showInStore="1">
                <label>Stripe Payment</label>
                <comment>
                    <![CDATA[
                        <div class="mp-stripe-payment-logo"></div>
                        <div class="mp-stripe-payment-byline">Stripe builds the most powerful and flexible tools for internet commerce. Accept credit/debit cards, Alipay, Giropay, Bancontact, IDEAL, Przelewy24, SOFORT, Apple Pay, Google Pay, Microsoft Pay  in your Magento store.</div>
                    ]]>
                </comment>
                <fieldset_css>complex mp_stripe_section</fieldset_css>
                <frontend_model>Magento\Paypal\Block\Adminhtml\System\Config\Fieldset\Payment</frontend_model>
                <group id="credential" type="text" sortOrder="10" showInDefault="1" showInWebsite="1" showInStore="1" translate="label">
                    <label>Credential</label>
                    <fieldset_css>mp-credential</fieldset_css>
                    <field id="environment" translate="label comment" type="select" sortOrder="30" showInDefault="1" showInWebsite="0" showInStore="0" canRestore="1">
                        <label>Environment</label>
                        <source_model>Mageplaza\Stripe\Model\Source\Environment</source_model>
                        <frontend_class>mp_credential_environment</frontend_class>
                        <comment>Sandbox Environment means that the order data will be sent to Sandbox for testing, while Production Environment is to implement the payment officially to the store site with real payment process.</comment>
                    </field>
                    <field id="publishable_key" translate="label comment" type="obscure" sortOrder="31" showInDefault="1" showInWebsite="0" showInStore="0">
                        <label>Publishable Key</label>
                        <frontend_class>mp_stripe_publishable_key</frontend_class>
                        <backend_model>Magento\Config\Model\Config\Backend\Encrypted</backend_model>
                        <comment><![CDATA[Get key <a href="https://dashboard.stripe.com" target="_blank">here</a>]]></comment>
                        <depends>
                            <field id="environment">production</field>
                        </depends>
                    </field>
                    <field id="secret_key" translate="label" showInDefault="1" showInStore="0" showInWebsite="0" sortOrder="32" type="obscure">
                        <label>Secret Key</label>
                        <depends>
                            <field id="environment">production</field>
                        </depends>
                        <backend_model>Magento\Config\Model\Config\Backend\Encrypted</backend_model>
                    </field>
                    <field id="publishable_key_test" translate="label comment" type="obscure" sortOrder="33" showInDefault="1" showInWebsite="0" showInStore="0">
                        <label>Publishable Key</label>
                        <frontend_class>mp_stripe_publishable_key_test</frontend_class>
                        <backend_model>Magento\Config\Model\Config\Backend\Encrypted</backend_model>
                        <comment><![CDATA[Get key <a href="https://dashboard.stripe.com" target="_blank">here</a>]]></comment>
                        <depends>
                            <field id="environment">sandbox</field>
                        </depends>
                    </field>
                    <field id="secret_key_test" showInDefault="1" showInStore="0" showInWebsite="0" sortOrder="34" translate="label" type="obscure">
                        <label>Secret Key</label>
                        <frontend_class>mp_stripe_secret_key</frontend_class>
                        <backend_model>Magento\Config\Model\Config\Backend\Encrypted</backend_model>
                        <depends>
                            <field id="environment">sandbox</field>
                        </depends>
                    </field>
                    <field id="test" translate="label comment" type="button" sortOrder="40" showInDefault="1" showInWebsite="0" showInStore="0">
                        <frontend_model>Mageplaza\Stripe\Block\Adminhtml\System\Config\Credential\Test</frontend_model>
                        <comment>Add or change publishable key input to enable test credential button.</comment>
                    </field>
                </group>
                <group id="mp_stripe_credit_cards" showInDefault="1" showInStore="1" showInWebsite="1" sortOrder="50" translate="label">
                    <label>Credit Card</label>
                    <field id="active" showInDefault="1" showInStore="0" showInWebsite="1" sortOrder="10" translate="label" type="select" canRestore="1">
                        <label>Enable</label>
                        <source_model>Magento\Config\Model\Config\Source\Yesno</source_model>
                        <config_path>payment/mp_stripe_credit_cards/active</config_path>
                    </field>
                    <field id="title" showInDefault="1" showInStore="1" showInWebsite="1" sortOrder="20" translate="label" type="text" canRestore="1">
                        <label>Title</label>
                        <config_path>payment/mp_stripe_credit_cards/title</config_path>
                    </field>
                    <field id="secure" showInDefault="1" showInStore="0" showInWebsite="1" sortOrder="35" translate="label" type="select" canRestore="1">
                        <label>3D Secure</label>
                        <source_model>Magento\Config\Model\Config\Source\Yesno</source_model>
                        <config_path>payment/mp_stripe_credit_cards/secure</config_path>
                    </field>
                    <field id="force_using" showInDefault="1" showInStore="0" showInWebsite="1" sortOrder="36" translate="label" type="select" canRestore="1">
                        <label>Force To Use</label>
                        <source_model>Magento\Config\Model\Config\Source\Yesno</source_model>
                        <config_path>payment/mp_stripe_credit_cards/force_using</config_path>
                        <depends>
                            <field id="secure">1</field>
                        </depends>
                    </field>
                    <field id="secure_when" showInDefault="1" showInStore="0" showInWebsite="1" sortOrder="37" translate="label" type="multiselect" canRestore="1">
                        <label>Using 3D Secure When</label>
                        <source_model>Mageplaza\Stripe\Model\Source\Secure</source_model>
                        <config_path>payment/mp_stripe_credit_cards/secure_when</config_path>
                        <depends>
                            <field id="force_using">1</field>
                            <field id="secure">1</field>
                        </depends>
                    </field>
                    <field id="payment_action" translate="label" type="select" sortOrder="25" showInDefault="1" showInWebsite="1" showInStore="0" canRestore="1">
                        <label>Payment Action</label>
                        <source_model>Mageplaza\Stripe\Model\Source\PaymentAction</source_model>
                        <config_path>payment/mp_stripe_credit_cards/payment_action</config_path>
                    </field>
                    <field id="cctypes" translate="label" type="multiselect" sortOrder="26" showInDefault="1" showInWebsite="1" showInStore="0" canRestore="1">
                        <label>Card Types</label>
                        <source_model>Mageplaza\Stripe\Model\Source\CardType</source_model>
                        <config_path>payment/mp_stripe_credit_cards/cctypes</config_path>
                    </field>

                    <field id="vault_active" translate="label" type="select" sortOrder="30" showInDefault="1" showInWebsite="1" showInStore="1" canRestore="1">
                        <label>Vault Enabled</label>
                        <source_model>Magento\Config\Model\Config\Source\Yesno</source_model>
                        <config_path>payment/mp_stripe_credit_cards_vault/active</config_path>
                    </field>
                    <field id="allowspecific" showInDefault="1" showInStore="0" showInWebsite="1" sortOrder="40" translate="label" type="allowspecific" canRestore="1">
                        <label>Payment from Applicable Countries</label>
                        <source_model>Magento\Payment\Model\Config\Source\Allspecificcountries</source_model>
                        <config_path>payment/mp_stripe_credit_cards/allowspecific</config_path>
                        <comment><![CDATA[To restrict this payment with more conditions, see <a href="https://www.mageplaza.com/magento-2-payment-restriction/" target="_blank">Payment Restrictions</a> module.]]></comment>
                    </field>
                    <field id="specificcountry" showInDefault="1" showInStore="0" showInWebsite="1" sortOrder="50" translate="label" type="multiselect">
                        <label>Payment from Specific Countries</label>
                        <source_model>Magento\Directory\Model\Config\Source\Country</source_model>
                        <can_be_empty>1</can_be_empty>
                        <config_path>payment/mp_stripe_credit_cards/specificcountry</config_path>
                    </field>
                    <field id="instructions" translate="label" type="textarea" sortOrder="55" showInDefault="1" showInWebsite="1" showInStore="1">
                        <label>Instructions</label>
                        <config_path>payment/mp_stripe_credit_cards/instructions</config_path>
                    </field>
                    <field id="sort_order" showInDefault="1" showInStore="0" showInWebsite="1" sortOrder="60" translate="label comment" type="text">
                        <label>Sort Order</label>
                        <config_path>payment/mp_stripe_credit_cards/sort_order</config_path>
                        <comment>Default = 0. The smaller order will stand at the upper position.</comment>
                    </field>
                </group>
                <group id="mp_stripe_alipay" showInDefault="1" showInStore="1" showInWebsite="1" sortOrder="60" translate="label">
                    <label>Alipay</label>
                    <field id="active" showInDefault="1" showInStore="0" showInWebsite="1" sortOrder="10" translate="label" type="select" canRestore="1">
                        <label>Enable</label>
                        <source_model>Magento\Config\Model\Config\Source\Yesno</source_model>
                        <config_path>payment/mp_stripe_alipay/active</config_path>
                    </field>
                    <field id="title" showInDefault="1" showInStore="1" showInWebsite="1" sortOrder="20" translate="label" type="text" canRestore="1">
                        <label>Title</label>
                        <config_path>payment/mp_stripe_alipay/title</config_path>
                    </field>
                    <field id="payment_action" translate="label" type="select" sortOrder="25" showInDefault="1" showInWebsite="1" showInStore="0" canRestore="1">
                        <label>Payment Action</label>
                        <source_model>Mageplaza\Stripe\Model\Source\PaymentAction</source_model>
                        <config_path>payment/mp_stripe_alipay/payment_action</config_path>
                    </field>
                    <field id="allowspecific" showInDefault="1" showInStore="0" showInWebsite="1" sortOrder="40" translate="label" type="allowspecific" canRestore="1">
                        <label>Payment from Applicable Countries</label>
                        <source_model>Magento\Payment\Model\Config\Source\Allspecificcountries</source_model>
                        <config_path>payment/mp_stripe_alipay/allowspecific</config_path>
                        <comment><![CDATA[To restrict this payment with more conditions, see <a href="https://www.mageplaza.com/magento-2-payment-restriction/" target="_blank">Payment Restrictions</a> module.]]></comment>
                    </field>
                    <field id="specificcountry" showInDefault="1" showInStore="0" showInWebsite="1" sortOrder="50" translate="label" type="multiselect">
                        <label>Payment from Specific Countries</label>
                        <source_model>Magento\Directory\Model\Config\Source\Country</source_model>
                        <can_be_empty>1</can_be_empty>
                        <config_path>payment/mp_stripe_alipay/specificcountry</config_path>
                    </field>
                    <field id="instructions" translate="label" type="textarea" sortOrder="55" showInDefault="1" showInWebsite="1" showInStore="1">
                        <label>Instructions</label>
                        <config_path>payment/mp_stripe_alipay/instructions</config_path>
                    </field>
                    <field id="sort_order" showInDefault="1" showInStore="0" showInWebsite="1" sortOrder="60" translate="label comment" type="text">
                        <label>Sort Order</label>
                        <config_path>payment/mp_stripe_alipay/sort_order</config_path>
                        <comment>Default = 0. The smaller order will stand at the upper position.</comment>
                    </field>
                </group>
                <group id="mp_stripe_giropay" showInDefault="1" showInStore="1" showInWebsite="1" sortOrder="70" translate="label">
                    <label>Giropay</label>
                    <field id="active" showInDefault="1" showInStore="0" showInWebsite="1" sortOrder="10" translate="label" type="select" canRestore="1">
                        <label>Enable</label>
                        <source_model>Magento\Config\Model\Config\Source\Yesno</source_model>
                        <config_path>payment/mp_stripe_giropay/active</config_path>
                    </field>
                    <field id="title" showInDefault="1" showInStore="1" showInWebsite="1" sortOrder="20" translate="label" type="text" canRestore="1">
                        <label>Title</label>
                        <config_path>payment/mp_stripe_giropay/title</config_path>
                    </field>
                    <field id="payment_action" translate="label" type="select" sortOrder="25" showInDefault="1" showInWebsite="1" showInStore="0" canRestore="1">
                        <label>Payment Action</label>
                        <source_model>Mageplaza\Stripe\Model\Source\PaymentAction</source_model>
                        <config_path>payment/mp_stripe_giropay/payment_action</config_path>
                    </field>
                    <field id="allowspecific" showInDefault="1" showInStore="0" showInWebsite="1" sortOrder="40" translate="label" type="allowspecific" canRestore="1">
                        <label>Payment from Applicable Countries</label>
                        <source_model>Magento\Payment\Model\Config\Source\Allspecificcountries</source_model>
                        <config_path>payment/mp_stripe_giropay/allowspecific</config_path>
                        <comment><![CDATA[To restrict this payment with more conditions, see <a href="https://www.mageplaza.com/magento-2-payment-restriction/" target="_blank">Payment Restrictions</a> module.]]></comment>
                    </field>
                    <field id="specificcountry" showInDefault="1" showInStore="0" showInWebsite="1" sortOrder="50" translate="label" type="multiselect">
                        <label>Payment from Specific Countries</label>
                        <source_model>Magento\Directory\Model\Config\Source\Country</source_model>
                        <can_be_empty>1</can_be_empty>
                        <config_path>payment/mp_stripe_giropay/specificcountry</config_path>
                    </field>
                    <field id="instructions" translate="label" type="textarea" sortOrder="55" showInDefault="1" showInWebsite="1" showInStore="1">
                        <label>Instructions</label>
                        <config_path>payment/mp_stripe_giropay/instructions</config_path>
                    </field>
                    <field id="sort_order" showInDefault="1" showInStore="0" showInWebsite="1" sortOrder="60" translate="label comment" type="text">
                        <label>Sort Order</label>
                        <config_path>payment/mp_stripe_giropay/sort_order</config_path>
                        <comment>Default = 0. The smaller order will stand at the upper position.</comment>
                    </field>
                </group>
                <group id="mp_stripe_bancontact" showInDefault="1" showInStore="1" showInWebsite="1" sortOrder="80" translate="label">
                    <label>Bancontact</label>
                    <field id="active" showInDefault="1" showInStore="0" showInWebsite="1" sortOrder="10" translate="label" type="select" canRestore="1">
                        <label>Enable</label>
                        <source_model>Magento\Config\Model\Config\Source\Yesno</source_model>
                        <config_path>payment/mp_stripe_bancontact/active</config_path>
                    </field>
                    <field id="title" showInDefault="1" showInStore="1" showInWebsite="1" sortOrder="20" translate="label" type="text" canRestore="1">
                        <label>Title</label>
                        <config_path>payment/mp_stripe_bancontact/title</config_path>
                    </field>
                    <field id="payment_action" translate="label" type="select" sortOrder="25" showInDefault="1" showInWebsite="1" showInStore="0" canRestore="1">
                        <label>Payment Action</label>
                        <source_model>Mageplaza\Stripe\Model\Source\PaymentAction</source_model>
                        <config_path>payment/mp_stripe_bancontact/payment_action</config_path>
                    </field>
                    <field id="allowspecific" showInDefault="1" showInStore="0" showInWebsite="1" sortOrder="40" translate="label" type="allowspecific" canRestore="1">
                        <label>Payment from Applicable Countries</label>
                        <source_model>Magento\Payment\Model\Config\Source\Allspecificcountries</source_model>
                        <config_path>payment/mp_stripe_bancontact/allowspecific</config_path>
                        <comment><![CDATA[To restrict this payment with more conditions, see <a href="https://www.mageplaza.com/magento-2-payment-restriction/" target="_blank">Payment Restrictions</a> module.]]></comment>
                    </field>
                    <field id="specificcountry" showInDefault="1" showInStore="0" showInWebsite="1" sortOrder="50" translate="label" type="multiselect">
                        <label>Payment from Specific Countries</label>
                        <source_model>Magento\Directory\Model\Config\Source\Country</source_model>
                        <can_be_empty>1</can_be_empty>
                        <config_path>payment/mp_stripe_bancontact/specificcountry</config_path>
                    </field>
                    <field id="instructions" translate="label" type="textarea" sortOrder="55" showInDefault="1" showInWebsite="1" showInStore="1">
                        <label>Instructions</label>
                        <config_path>payment/mp_stripe_bancontact/instructions</config_path>
                    </field>
                    <field id="sort_order" showInDefault="1" showInStore="0" showInWebsite="1" sortOrder="60" translate="label comment" type="text">
                        <label>Sort Order</label>
                        <config_path>payment/mp_stripe_bancontact/sort_order</config_path>
                        <comment>Default = 0. The smaller order will stand at the upper position.</comment>
                    </field>
                </group>
                <group id="mp_stripe_przelewy24" showInDefault="1" showInStore="1" showInWebsite="1" sortOrder="90" translate="label">
                    <label>Przelewy24</label>
                    <field id="active" showInDefault="1" showInStore="0" showInWebsite="1" sortOrder="10" translate="label" type="select" canRestore="1">
                        <label>Enable</label>
                        <source_model>Magento\Config\Model\Config\Source\Yesno</source_model>
                        <config_path>payment/mp_stripe_przelewy24/active</config_path>
                    </field>
                    <field id="title" showInDefault="1" showInStore="1" showInWebsite="1" sortOrder="20" translate="label" type="text" canRestore="1">
                        <label>Title</label>
                        <config_path>payment/mp_stripe_przelewy24/title</config_path>
                    </field>
                    <field id="payment_action" translate="label" type="select" sortOrder="25" showInDefault="1" showInWebsite="1" showInStore="0" canRestore="1">
                        <label>Payment Action</label>
                        <source_model>Mageplaza\Stripe\Model\Source\PaymentAction</source_model>
                        <config_path>payment/mp_stripe_przelewy24/payment_action</config_path>
                    </field>
                    <field id="allowspecific" showInDefault="1" showInStore="0" showInWebsite="1" sortOrder="40" translate="label" type="allowspecific" canRestore="1">
                        <label>Payment from Applicable Countries</label>
                        <source_model>Magento\Payment\Model\Config\Source\Allspecificcountries</source_model>
                        <config_path>payment/mp_stripe_przelewy24/allowspecific</config_path>
                        <comment><![CDATA[To restrict this payment with more conditions, see <a href="https://www.mageplaza.com/magento-2-payment-restriction/" target="_blank">Payment Restrictions</a> module.]]></comment>
                    </field>
                    <field id="specificcountry" showInDefault="1" showInStore="0" showInWebsite="1" sortOrder="50" translate="label" type="multiselect">
                        <label>Payment from Specific Countries</label>
                        <source_model>Magento\Directory\Model\Config\Source\Country</source_model>
                        <can_be_empty>1</can_be_empty>
                        <config_path>payment/mp_stripe_przelewy24/specificcountry</config_path>
                    </field>
                    <field id="instructions" translate="label" type="textarea" sortOrder="55" showInDefault="1" showInWebsite="1" showInStore="1">
                        <label>Instructions</label>
                        <config_path>payment/mp_stripe_przelewy24/instructions</config_path>
                    </field>
                    <field id="sort_order" showInDefault="1" showInStore="0" showInWebsite="1" sortOrder="60" translate="label comment" type="text">
                        <label>Sort Order</label>
                        <config_path>payment/mp_stripe_przelewy24/sort_order</config_path>
                        <comment>Default = 0. The smaller order will stand at the upper position.</comment>
                    </field>
                </group>
                <group id="mp_stripe_sofort" showInDefault="1" showInStore="1" showInWebsite="1" sortOrder="100" translate="label">
                    <label>SOFORT</label>
                    <field id="active" showInDefault="1" showInStore="0" showInWebsite="1" sortOrder="10" translate="label" type="select" canRestore="1">
                        <label>Enable</label>
                        <source_model>Magento\Config\Model\Config\Source\Yesno</source_model>
                        <config_path>payment/mp_stripe_sofort/active</config_path>
                    </field>
                    <field id="title" showInDefault="1" showInStore="1" showInWebsite="1" sortOrder="20" translate="label" type="text" canRestore="1">
                        <label>Title</label>
                        <config_path>payment/mp_stripe_sofort/title</config_path>
                    </field>
                    <field id="payment_action" translate="label" type="select" sortOrder="25" showInDefault="1" showInWebsite="1" showInStore="0" canRestore="1">
                        <label>Payment Action</label>
                        <source_model>Mageplaza\Stripe\Model\Source\PaymentAction</source_model>
                        <config_path>payment/mp_stripe_sofort/payment_action</config_path>
                    </field>
                    <field id="allowspecific" showInDefault="1" showInStore="0" showInWebsite="1" sortOrder="40" translate="label" type="allowspecific" canRestore="1">
                        <label>Payment from Applicable Countries</label>
                        <source_model>Magento\Payment\Model\Config\Source\Allspecificcountries</source_model>
                        <config_path>payment/mp_stripe_sofort/allowspecific</config_path>
                        <comment><![CDATA[To restrict this payment with more conditions, see <a href="https://www.mageplaza.com/magento-2-payment-restriction/" target="_blank">Payment Restrictions</a> module.]]></comment>
                    </field>
                    <field id="specificcountry" showInDefault="1" showInStore="0" showInWebsite="1" sortOrder="50" translate="label" type="multiselect">
                        <label>Payment from Specific Countries</label>
                        <source_model>Magento\Directory\Model\Config\Source\Country</source_model>
                        <can_be_empty>1</can_be_empty>
                        <config_path>payment/mp_stripe_sofort/specificcountry</config_path>
                    </field>
                    <field id="instructions" translate="label" type="textarea" sortOrder="55" showInDefault="1" showInWebsite="1" showInStore="1">
                        <label>Instructions</label>
                        <config_path>payment/mp_stripe_sofort/instructions</config_path>
                    </field>
                    <field id="sort_order" showInDefault="1" showInStore="0" showInWebsite="1" sortOrder="60" translate="label comment" type="text">
                        <label>Sort Order</label>
                        <config_path>payment/mp_stripe_sofort/sort_order</config_path>
                        <comment>Default = 0. The smaller order will stand at the upper position.</comment>
                    </field>
                </group>
                <group id="mp_stripe_eps" showInDefault="1" showInStore="1" showInWebsite="1" sortOrder="110" translate="label">
                    <label>EPS</label>
                    <field id="active" showInDefault="1" showInStore="0" showInWebsite="1" sortOrder="10" translate="label" type="select" canRestore="1">
                        <label>Enable</label>
                        <source_model>Magento\Config\Model\Config\Source\Yesno</source_model>
                        <config_path>payment/mp_stripe_eps/active</config_path>
                    </field>
                    <field id="title" showInDefault="1" showInStore="1" showInWebsite="1" sortOrder="20" translate="label" type="text" canRestore="1">
                        <label>Title</label>
                        <config_path>payment/mp_stripe_eps/title</config_path>
                    </field>
                    <field id="payment_action" translate="label" type="select" sortOrder="25" showInDefault="1" showInWebsite="1" showInStore="0" canRestore="1">
                        <label>Payment Action</label>
                        <source_model>Mageplaza\Stripe\Model\Source\PaymentAction</source_model>
                        <config_path>payment/mp_stripe_eps/payment_action</config_path>
                    </field>
                    <field id="allowspecific" showInDefault="1" showInStore="0" showInWebsite="1" sortOrder="40" translate="label" type="allowspecific" canRestore="1">
                        <label>Payment from Applicable Countries</label>
                        <source_model>Magento\Payment\Model\Config\Source\Allspecificcountries</source_model>
                        <config_path>payment/mp_stripe_eps/allowspecific</config_path>
                        <comment><![CDATA[To restrict this payment with more conditions, see <a href="https://www.mageplaza.com/magento-2-payment-restriction/" target="_blank">Payment Restrictions</a> module.]]></comment>
                    </field>
                    <field id="specificcountry" showInDefault="1" showInStore="0" showInWebsite="1" sortOrder="50" translate="label" type="multiselect">
                        <label>Payment from Specific Countries</label>
                        <source_model>Magento\Directory\Model\Config\Source\Country</source_model>
                        <can_be_empty>1</can_be_empty>
                        <config_path>payment/mp_stripe_eps/specificcountry</config_path>
                    </field>
                    <field id="instructions" translate="label" type="textarea" sortOrder="55" showInDefault="1" showInWebsite="1" showInStore="1">
                        <label>Instructions</label>
                        <config_path>payment/mp_stripe_eps/instructions</config_path>
                    </field>
                    <field id="sort_order" showInDefault="1" showInStore="0" showInWebsite="1" sortOrder="60" translate="label comment" type="text">
                        <label>Sort Order</label>
                        <config_path>payment/mp_stripe_eps/sort_order</config_path>
                        <comment>Default = 0. The smaller order will stand at the upper position.</comment>
                    </field>
                </group>
                <group id="mp_stripe_ideal" showInDefault="1" showInStore="1" showInWebsite="1" sortOrder="110" translate="label">
                    <label>iDEAL Bank</label>
                    <field id="active" showInDefault="1" showInStore="0" showInWebsite="1" sortOrder="10" translate="label" type="select" canRestore="1">
                        <label>Enable</label>
                        <source_model>Magento\Config\Model\Config\Source\Yesno</source_model>
                        <config_path>payment/mp_stripe_ideal/active</config_path>
                    </field>
                    <field id="title" showInDefault="1" showInStore="1" showInWebsite="1" sortOrder="20" translate="label" type="text" canRestore="1">
                        <label>Title</label>
                        <config_path>payment/mp_stripe_ideal/title</config_path>
                    </field>
                    <field id="payment_action" translate="label" type="select" sortOrder="25" showInDefault="1" showInWebsite="1" showInStore="0" canRestore="1">
                        <label>Payment Action</label>
                        <source_model>Mageplaza\Stripe\Model\Source\PaymentAction</source_model>
                        <config_path>payment/mp_stripe_ideal/payment_action</config_path>
                    </field>
                    <field id="allowspecific" showInDefault="1" showInStore="0" showInWebsite="1" sortOrder="40" translate="label" type="allowspecific" canRestore="1">
                        <label>Payment from Applicable Countries</label>
                        <source_model>Magento\Payment\Model\Config\Source\Allspecificcountries</source_model>
                        <config_path>payment/mp_stripe_ideal/allowspecific</config_path>
                        <comment><![CDATA[To restrict this payment with more conditions, see <a href="https://www.mageplaza.com/magento-2-payment-restriction/" target="_blank">Payment Restrictions</a> module.]]></comment>
                    </field>
                    <field id="specificcountry" showInDefault="1" showInStore="0" showInWebsite="1" sortOrder="50" translate="label" type="multiselect">
                        <label>Payment from Specific Countries</label>
                        <source_model>Magento\Directory\Model\Config\Source\Country</source_model>
                        <can_be_empty>1</can_be_empty>
                        <config_path>payment/mp_stripe_ideal/specificcountry</config_path>
                    </field>
                    <field id="instructions" translate="label" type="textarea" sortOrder="55" showInDefault="1" showInWebsite="1" showInStore="1">
                        <label>Instructions</label>
                        <config_path>payment/mp_stripe_ideal/instructions</config_path>
                    </field>
                    <field id="sort_order" showInDefault="1" showInStore="0" showInWebsite="1" sortOrder="60" translate="label comment" type="text">
                        <label>Sort Order</label>
                        <config_path>payment/mp_stripe_ideal/sort_order</config_path>
                        <comment>Default = 0. The smaller order will stand at the upper position.</comment>
                    </field>
                </group>
                <group id="mp_stripe_google_pay" showInDefault="1" showInStore="1" showInWebsite="1" sortOrder="120" translate="label">
                    <label>Google Pay</label>
                    <field id="active" showInDefault="1" showInStore="0" showInWebsite="1" sortOrder="10" translate="label" type="select" canRestore="1">
                        <label>Enable</label>
                        <source_model>Magento\Config\Model\Config\Source\Yesno</source_model>
                        <config_path>payment/mp_stripe_google_pay/active</config_path>
                    </field>
                    <field id="title" showInDefault="1" showInStore="1" showInWebsite="1" sortOrder="20" translate="label" type="text" canRestore="1">
                        <label>Title</label>
                        <config_path>payment/mp_stripe_google_pay/title</config_path>
                    </field>
                    <field id="payment_action" translate="label" type="select" sortOrder="25" showInDefault="1" showInWebsite="1" showInStore="0" canRestore="1">
                        <label>Payment Action</label>
                        <source_model>Mageplaza\Stripe\Model\Source\PaymentAction</source_model>
                        <config_path>payment/mp_stripe_google_pay/payment_action</config_path>
                    </field>
                    <field id="allowspecific" showInDefault="1" showInStore="0" showInWebsite="1" sortOrder="40" translate="label" type="allowspecific" canRestore="1">
                        <label>Payment from Applicable Countries</label>
                        <source_model>Magento\Payment\Model\Config\Source\Allspecificcountries</source_model>
                        <config_path>payment/mp_stripe_google_pay/allowspecific</config_path>
                        <comment><![CDATA[To restrict this payment with more conditions, see <a href="https://www.mageplaza.com/magento-2-payment-restriction/" target="_blank">Payment Restrictions</a> module.]]></comment>
                    </field>
                    <field id="specificcountry" showInDefault="1" showInStore="0" showInWebsite="1" sortOrder="50" translate="label" type="multiselect">
                        <label>Payment from Specific Countries</label>
                        <source_model>Magento\Directory\Model\Config\Source\Country</source_model>
                        <can_be_empty>1</can_be_empty>
                        <config_path>payment/mp_stripe_google_pay/specificcountry</config_path>
                    </field>
                    <field id="instructions" translate="label" type="textarea" sortOrder="55" showInDefault="1" showInWebsite="1" showInStore="1">
                        <label>Instructions</label>
                        <config_path>payment/mp_stripe_google_pay/instructions</config_path>
                    </field>
                    <field id="sort_order" showInDefault="1" showInStore="0" showInWebsite="1" sortOrder="60" translate="label comment" type="text">
                        <label>Sort Order</label>
                        <config_path>payment/mp_stripe_google_pay/sort_order</config_path>
                        <comment>Default = 0. The smaller order will stand at the upper position.</comment>
                    </field>
                </group>
                <group id="mp_stripe_apple_pay" showInDefault="1" showInStore="1" showInWebsite="1" sortOrder="130" translate="label">
                    <label>Apple Pay</label>
                    <field id="active" showInDefault="1" showInStore="0" showInWebsite="1" sortOrder="10" translate="label" type="select" canRestore="1">
                        <label>Enable</label>
                        <source_model>Magento\Config\Model\Config\Source\Yesno</source_model>
                        <config_path>payment/mp_stripe_apple_pay/active</config_path>
                    </field>
                    <field id="title" showInDefault="1" showInStore="1" showInWebsite="1" sortOrder="20" translate="label" type="text" canRestore="1">
                        <label>Title</label>
                        <config_path>payment/mp_stripe_apple_pay/title</config_path>
                    </field>
                    <field id="payment_action" translate="label" type="select" sortOrder="25" showInDefault="1" showInWebsite="1" showInStore="0" canRestore="1">
                        <label>Payment Action</label>
                        <source_model>Mageplaza\Stripe\Model\Source\PaymentAction</source_model>
                        <config_path>payment/mp_stripe_apple_pay/payment_action</config_path>
                    </field>
                    <field id="allowspecific" showInDefault="1" showInStore="0" showInWebsite="1" sortOrder="40" translate="label" type="allowspecific" canRestore="1">
                        <label>Payment from Applicable Countries</label>
                        <source_model>Magento\Payment\Model\Config\Source\Allspecificcountries</source_model>
                        <config_path>payment/mp_stripe_apple_pay/allowspecific</config_path>
                        <comment><![CDATA[To restrict this payment with more conditions, see <a href="https://www.mageplaza.com/magento-2-payment-restriction/" target="_blank">Payment Restrictions</a> module.]]></comment>
                    </field>
                    <field id="specificcountry" showInDefault="1" showInStore="0" showInWebsite="1" sortOrder="50" translate="label" type="multiselect">
                        <label>Payment from Specific Countries</label>
                        <source_model>Magento\Directory\Model\Config\Source\Country</source_model>
                        <can_be_empty>1</can_be_empty>
                        <config_path>payment/mp_stripe_apple_pay/specificcountry</config_path>
                    </field>
                    <field id="instructions" translate="label" type="textarea" sortOrder="55" showInDefault="1" showInWebsite="1" showInStore="1">
                        <label>Instructions</label>
                        <config_path>payment/mp_stripe_apple_pay/instructions</config_path>
                    </field>
                    <field id="sort_order" showInDefault="1" showInStore="0" showInWebsite="1" sortOrder="60" translate="label comment" type="text">
                        <label>Sort Order</label>
                        <config_path>payment/mp_stripe_apple_pay/sort_order</config_path>
                        <comment>Default = 0. The smaller order will stand at the upper position.</comment>
                    </field>
                </group>
                <group id="mp_stripe_microsoft_pay" showInDefault="1" showInStore="1" showInWebsite="1" sortOrder="140" translate="label">
                    <label>Microsoft Pay</label>
                    <field id="active" showInDefault="1" showInStore="0" showInWebsite="1" sortOrder="10" translate="label" type="select" canRestore="1">
                        <label>Enable</label>
                        <source_model>Magento\Config\Model\Config\Source\Yesno</source_model>
                        <config_path>payment/mp_stripe_microsoft_pay/active</config_path>
                    </field>
                    <field id="title" showInDefault="1" showInStore="1" showInWebsite="1" sortOrder="20" translate="label" type="text" canRestore="1">
                        <label>Title</label>
                        <config_path>payment/mp_stripe_microsoft_pay/title</config_path>
                    </field>
                    <field id="payment_action" translate="label" type="select" sortOrder="25" showInDefault="1" showInWebsite="1" showInStore="0" canRestore="1">
                        <label>Payment Action</label>
                        <source_model>Mageplaza\Stripe\Model\Source\PaymentAction</source_model>
                        <config_path>payment/mp_stripe_microsoft_pay/payment_action</config_path>
                    </field>
                    <field id="allowspecific" showInDefault="1" showInStore="0" showInWebsite="1" sortOrder="40" translate="label" type="allowspecific" canRestore="1">
                        <label>Payment from Applicable Countries</label>
                        <source_model>Magento\Payment\Model\Config\Source\Allspecificcountries</source_model>
                        <config_path>payment/mp_stripe_microsoft_pay/allowspecific</config_path>
                        <comment><![CDATA[To restrict this payment with more conditions, see <a href="https://www.mageplaza.com/magento-2-payment-restriction/" target="_blank">Payment Restrictions</a> module.]]></comment>
                    </field>
                    <field id="specificcountry" showInDefault="1" showInStore="0" showInWebsite="1" sortOrder="50" translate="label" type="multiselect">
                        <label>Payment from Specific Countries</label>
                        <source_model>Magento\Directory\Model\Config\Source\Country</source_model>
                        <can_be_empty>1</can_be_empty>
                        <config_path>payment/mp_stripe_microsoft_pay/specificcountry</config_path>
                    </field>
                    <field id="instructions" translate="label" type="textarea" sortOrder="55" showInDefault="1" showInWebsite="1" showInStore="1">
                        <label>Instructions</label>
                        <config_path>payment/mp_stripe_microsoft_pay/instructions</config_path>
                    </field>
                    <field id="sort_order" showInDefault="1" showInStore="0" showInWebsite="1" sortOrder="60" translate="label comment" type="text">
                        <label>Sort Order</label>
                        <config_path>payment/mp_stripe_microsoft_pay/sort_order</config_path>
                        <comment>Default = 0. The smaller order will stand at the upper position.</comment>
                    </field>
                </group>
            </group>
        </section>
    </system>
</config>