<?xml version="1.0"?>
<!--
/**
 * Mageplaza
 *
 * NOTICE OF LICENSE
 *
 * This source file is subject to the Mageplaza.com license that is
 * available through the world-wide-web at this URL:
 * https://www.mageplaza.com/LICENSE.txt
 *
 * DISCLAIMER
 *
 * Do not edit or add to this file if you wish to upgrade this extension to newer
 * version in the future.
 *
 * @category    Mageplaza
 * @package     Mageplaza_Stripe
 * @copyright   Copyright (c) Mageplaza (https://www.mageplaza.com/)
 * @license     https://www.mageplaza.com/LICENSE.txt
 */
-->
<config xmlns:xsi="http://www.w3.org/2001/XMLSchema-instance" xsi:noNamespaceSchemaLocation="urn:magento:framework:ObjectManager/etc/config.xsd">
    <type name="Magento\Checkout\Model\CompositeConfigProvider">
        <arguments>
            <argument name="configProviders" xsi:type="array">
                <item name="mp_stripe" xsi:type="object">Mageplaza\Stripe\Model\ConfigProvider</item>
            </argument>
        </arguments>
    </type>
    <type name="Magento\Vault\Model\Ui\TokensConfigProvider">
        <arguments>
            <argument name="tokenUiComponentProviders" xsi:type="array">
                <item name="mp_stripe_credit_cards" xsi:type="object">Mageplaza\Stripe\Model\Ui\TokenUiComponentProvider</item>
            </argument>
        </arguments>
    </type>
    <type name="Magento\Customer\Block\CustomerData">
        <arguments>
            <argument name="expirableSectionNames" xsi:type="array">
                <item name="instant-purchase" xsi:type="string">instant-purchase</item>
            </argument>
        </arguments>
    </type>
    <type name="Magento\Vault\Model\PaymentTokenRepository">
        <plugin name="mp_stripe_vault_payment" type="Mageplaza\Stripe\Plugin\ValidateCountry" sortOrder="100"/>
    </type>
    <type name="Magento\InstantPurchase\Block\Button">
        <plugin name="mp_stripe_instant_purchase" type="Mageplaza\Stripe\Plugin\InstantPurchase" sortOrder="105"/>
    </type>
</config>